{
  "project_info": {
    "project_number": "709105958909",
    "firebase_url": "https://smart-agro-aab5e.firebaseio.com",
    "project_id": "smart-agro-aab5e",
    "storage_bucket": "smart-agro-aab5e.appspot.com"
  },
  "client": [
    {
      "client_info": {
        "mobilesdk_app_id": "1:709105958909:android:299a2af2845c0c92",
        "android_client_info": {
          "package_name": "com.example.smart_agro"
        }
      },
      "oauth_client": [
        {
          "client_id": "709105958909-i8k2r85l77l674rghn9bm0jjilgtd1d0.apps.googleusercontent.com",
          "client_type": 1,
          "android_info": {
            "package_name": "com.example.smart_agro",
            "certificate_hash": "0f0ee515abd9a49dadede853aaef925d47a92143"
          }
        },
        {
          "client_id": "709105958909-j3css02e95rt3lsd6un7rv2gj6i6s94i.apps.googleusercontent.com",
          "client_type": 3
        }
      ],
      "api_key": [
        {
          "current_key": "AIzaSyB4JG7u03Q0Lc7G2zTJvtLhcN6DQsBlYpw"
        }
      ],
      "services": {
        "appinvite_service": {
          "other_platform_oauth_client": [
            {
              "client_id": "709105958909-j3css02e95rt3lsd6un7rv2gj6i6s94i.apps.googleusercontent.com",
              "client_type": 3
            }
          ]
        }
      }
    }
  ],
  "configuration_version": "1"
}